{
  "tag": "p30_ft_vs_scrB",
  "checkpoint_a": "./outputs/p30_ft/best.pth",
  "checkpoint_b": "./outputs/p30_scrB/best.pth",
  "alphas": [
    0.0,
    0.05,
    0.1,
    0.15000000000000002,
    0.2,
    0.25,
    0.30000000000000004,
    0.35000000000000003,
    0.4,
    0.45,
    0.5,
    0.55,
    0.6000000000000001,
    0.65,
    0.7000000000000001,
    0.75,
    0.8,
    0.8500000000000001,
    0.9,
    0.9500000000000001,
    1.0
  ],
  "losses": [
    3.066408992767334,
    3.1323831958770754,
    3.2721151542663574,
    3.4181883277893066,
    3.6399153518676757,
    4.022428983688354,
    4.6096754684448245,
    5.163174457550049,
    5.386307411193847,
    5.315750183105469,
    5.213646484375,
    5.164957515716552,
    5.142596199035644,
    5.067639656066895,
    4.9720771484375,
    4.9576162109375,
    4.78618675994873,
    4.109979536056518,
    2.019103828430176,
    0.9873140993118286,
    0.876853446006775
  ],
  "accuracies": [
    54.7,
    51.8,
    48.0,
    44.3,
    39.0,
    31.6,
    23.55,
    13.9,
    7.0,
    4.2,
    2.35,
    1.35,
    1.05,
    1.1,
    1.35,
    2.05,
    4.7,
    13.85,
    54.0,
    78.35,
    82.55
  ],
  "barrier": 2.3198984184265132,
  "loss_a": 3.066408992767334,
  "loss_b": 0.876853446006775,
  "acc_a": 54.7,
  "acc_b": 82.55
}