{
  "tag": "p50_scrE_vs_scrB",
  "checkpoint_a": "./outputs/p50_scrE/best.pth",
  "checkpoint_b": "./outputs/p50_scrB/best.pth",
  "alphas": [
    0.0,
    0.05,
    0.1,
    0.15000000000000002,
    0.2,
    0.25,
    0.30000000000000004,
    0.35000000000000003,
    0.4,
    0.45,
    0.5,
    0.55,
    0.6000000000000001,
    0.65,
    0.7000000000000001,
    0.75,
    0.8,
    0.8500000000000001,
    0.9,
    0.9500000000000001,
    1.0
  ],
  "losses": [
    3.133011989593506,
    3.063329683303833,
    3.003720262527466,
    2.95291757774353,
    2.910081409454346,
    2.874563642501831,
    2.8448704509735108,
    2.820467716217041,
    2.800364589691162,
    2.784080596923828,
    2.7702472858428955,
    2.758937152862549,
    2.7494479331970214,
    2.742413007736206,
    2.7376839389801026,
    2.7352041511535643,
    2.735064989089966,
    2.7379536857604982,
    2.7442716789245605,
    2.7560324592590333,
    2.7760349197387697
  ],
  "accuracies": [
    54.45,
    54.65,
    54.85,
    55.15,
    54.9,
    54.95,
    54.85,
    54.95,
    54.4,
    54.1,
    53.9,
    53.75,
    53.6,
    53.5,
    53.65,
    53.9,
    54.2,
    54.05,
    53.8,
    53.6,
    53.8
  ],
  "barrier": 0.0,
  "loss_a": 3.133011989593506,
  "loss_b": 2.7760349197387697,
  "acc_a": 54.45,
  "acc_b": 53.8
}