{
  "tag": "p50_ft_vs_scrB",
  "checkpoint_a": "./outputs/p50_ft/best.pth",
  "checkpoint_b": "./outputs/p50_scrB/best.pth",
  "alphas": [
    0.0,
    0.05,
    0.1,
    0.15000000000000002,
    0.2,
    0.25,
    0.30000000000000004,
    0.35000000000000003,
    0.4,
    0.45,
    0.5,
    0.55,
    0.6000000000000001,
    0.65,
    0.7000000000000001,
    0.75,
    0.8,
    0.8500000000000001,
    0.9,
    0.9500000000000001,
    1.0
  ],
  "losses": [
    3.038733976364136,
    3.0472737255096436,
    3.1500864276885987,
    3.289360885620117,
    3.513069444656372,
    3.901463447570801,
    4.462627128601074,
    5.090642204284668,
    5.486496364593505,
    5.5833894081115725,
    5.52751171875,
    5.362548091888428,
    5.180400875091553,
    5.068094722747802,
    5.181235847473144,
    5.424974849700928,
    5.481505676269531,
    4.804439598083496,
    2.4316199474334717,
    1.1329626660346985,
    0.9831682405471802
  ],
  "accuracies": [
    53.7,
    51.9,
    48.55,
    44.65,
    39.5,
    32.75,
    22.55,
    12.25,
    5.8,
    2.55,
    1.75,
    1.45,
    1.35,
    1.55,
    1.6,
    1.9,
    3.4,
    11.05,
    47.35,
    75.1,
    79.1
  ],
  "barrier": 2.5446554317474366,
  "loss_a": 3.038733976364136,
  "loss_b": 0.9831682405471802,
  "acc_a": 53.7,
  "acc_b": 79.1
}