{
  "tag": "p50_ft_vs_scrE",
  "checkpoint_a": "./outputs/p50_ft/best.pth",
  "checkpoint_b": "./outputs/p50_scrE/best.pth",
  "alphas": [
    0.0,
    0.05,
    0.1,
    0.15000000000000002,
    0.2,
    0.25,
    0.30000000000000004,
    0.35000000000000003,
    0.4,
    0.45,
    0.5,
    0.55,
    0.6000000000000001,
    0.65,
    0.7000000000000001,
    0.75,
    0.8,
    0.8500000000000001,
    0.9,
    0.9500000000000001,
    1.0
  ],
  "losses": [
    2.6243829460144044,
    2.7228090496063233,
    3.000952835083008,
    3.3800705585479736,
    3.9643536186218262,
    4.771009525299072,
    5.324584850311279,
    5.4484985733032225,
    5.328445640563965,
    5.1930041580200195,
    5.136527835845947,
    5.08817822265625,
    5.04970263671875,
    5.09165234375,
    5.298550056457519,
    5.567591800689697,
    5.62985916519165,
    5.391117618560791,
    3.994605422973633,
    1.5589242458343506,
    1.0413806324005126
  ],
  "accuracies": [
    55.15,
    53.45,
    47.15,
    40.15,
    29.15,
    18.15,
    7.9,
    4.05,
    2.9,
    2.55,
    1.85,
    1.4,
    1.35,
    1.25,
    1.3,
    1.85,
    3.35,
    6.15,
    23.85,
    66.55,
    79.95
  ],
  "barrier": 3.005476219177246,
  "loss_a": 2.6243829460144044,
  "loss_b": 1.0413806324005126,
  "acc_a": 55.15,
  "acc_b": 79.95
}