{
  "tag": "p50_scrB",
  "top_eigenvalues": [
    298.4122009277344,
    209.95738220214844,
    204.8159637451172
  ],
  "trace": 1752.9314002990723,
  "max_eigenvalue": 298.4122009277344
}