{
  "tag": "p50_scrE",
  "top_eigenvalues": [
    268.048583984375,
    244.02435302734375,
    240.3111572265625
  ],
  "trace": 2804.462606048584,
  "max_eigenvalue": 268.048583984375
}