{
  "tag": "p50_ft",
  "top_eigenvalues": [
    1444.15087890625,
    1252.86572265625,
    1181.979736328125
  ],
  "trace": 4691.954486083984,
  "max_eigenvalue": 1444.15087890625
}