{
  "tag": "unpruned_ft",
  "top_eigenvalues": [
    1084.9837646484375,
    1026.801025390625,
    705.5197143554688
  ],
  "trace": 228.21686096191405,
  "max_eigenvalue": 1084.9837646484375
}